datetime,datetime_raw,value,uptimevalue_raw,coverage,coverage_raw,Link Value,Previous Link Value,After Link Value,Status Link,IndexTrue,Selisih,Analisis,Analisis Link Tahap 2,Durasi Hidden Non-Link,Durasi Real Restitusi,Service Level
2017-04-01 00:01:00,42825.70971,2 d 11 h 29 m,214185,1.0,10000,OK,,OK,IGNORE,0,0,,,0,0,1.0
2017-04-01 00:06:00,42825.71318,2 d 11 h 34 m,214485,1.0,10000,OK,OK,OK,IGNORE,0,0,,,0,0,1.0
2017-04-01 00:11:00,42825.71665,2 d 11 h 39 m,214786,1.0,10000,OK,OK,OK,IGNORE,0,0,,,0,0,1.0
2017-04-01 00:16:00,42825.72012,2 d 11 h 44 m,215086,1.0,10000,OK,OK,OK,IGNORE,0,0,,,0,0,1.0
2017-04-01 00:21:00,42825.7236,2 d 11 h 49 m,215386,1.0,10000,OK,OK,OK,IGNORE,0,0,,,0,0,1.0
2017-04-01 00:26:00,42825.72707,2 d 11 h 54 m,215687,1.0,10000,OK,OK,OK,IGNORE,0,0,,,0,0,1.0
2017-04-01 00:31:00,42825.73054,2 d 11 h 59 m,215987,1.0,10000,OK,OK,OK,IGNORE,0,0,,,0,0,1.0
2017-04-01 00:36:00,42825.73401,2 d 12 h 4 m,216288,1.0,10000,OK,OK,OK,IGNORE,0,0,,,0,0,1.0
2017-04-01 00:41:00,42825.73748,2 d 12 h 9 m,216589,1.0,10000,OK,OK,OK,IGNORE,0,0,,,0,0,1.0
2017-04-01 00:46:00,42825.74096,2 d 12 h 14 m,216889,1.0,10000,OK,OK,OK,IGNORE,0,0,,,0,0,1.0
2017-04-01 00:51:00,42825.74443,2 d 12 h 19 m,217190,1.0,10000,OK,OK,OK,IGNORE,0,0,,,0,0,1.0
2017-04-01 00:56:00,42825.7479,2 d 12 h 24 m,217490,1.0,10000,OK,OK,OK,IGNORE,0,0,,,0,0,1.0
2017-04-01 01:01:00,42825.75137,2 d 12 h 29 m,217791,1.0,10000,OK,OK,OK,IGNORE,0,0,,,0,0,1.0
2017-04-01 01:06:00,42825.75485,2 d 12 h 34 m,218091,1.0,10000,OK,OK,OK,IGNORE,0,0,,,0,0,1.0
2017-04-01 01:11:00,42825.75832,2 d 12 h 39 m,218391,1.0,10000,OK,OK,OK,IGNORE,0,0,,,0,0,1.0
2017-04-01 01:16:00,42825.76179,2 d 12 h 44 m,218692,1.0,10000,OK,OK,OK,IGNORE,0,0,,,0,0,1.0
2017-04-01 01:21:00,42825.76526,2 d 12 h 49 m,218993,1.0,10000,OK,OK,OK,IGNORE,0,0,,,0,0,1.0
2017-04-01 01:26:00,42825.76873,2 d 12 h 54 m,219293,1.0,10000,OK,OK,OK,IGNORE,0,0,,,0,0,1.0
2017-04-01 01:31:00,42825.77221,2 d 12 h 59 m,219594,1.0,10000,OK,OK,OK,IGNORE,0,0,,,0,0,1.0
2017-04-01 01:36:00,42825.77568,2 d 13 h 4 m,219894,1.0,10000,OK,OK,OK,IGNORE,0,0,,,0,0,1.0
2017-04-01 01:41:00,42825.77915,2 d 13 h 9 m,220195,1.0,10000,OK,OK,OK,IGNORE,0,0,,,0,0,1.0
2017-04-01 01:46:00,42825.78262,2 d 13 h 14 m,220495,1.0,10000,OK,OK,OK,IGNORE,0,0,,,0,0,1.0
2017-04-01 01:51:00,42825.7861,2 d 13 h 19 m,220796,1.0,10000,OK,OK,OK,IGNORE,0,0,,,0,0,1.0
2017-04-01 01:56:00,42825.78957,2 d 13 h 24 m,221096,1.0,10000,OK,OK,OK,IGNORE,0,0,,,0,0,1.0
2017-04-01 02:01:00,42825.79304,2 d 13 h 29 m,221396,1.0,10000,OK,OK,OK,IGNORE,0,0,,,0,0,1.0
2017-04-01 02:06:00,42825.79651,2 d 13 h 34 m,221697,1.0,10000,OK,OK,OK,IGNORE,0,0,,,0,0,1.0
2017-04-01 02:11:00,42825.79998,2 d 13 h 39 m,221997,1.0,10000,OK,OK,OK,IGNORE,0,0,,,0,0,1.0
2017-04-01 02:16:00,42825.80346,2 d 13 h 44 m,222298,1.0,10000,OK,OK,OK,IGNORE,0,0,,,0,0,1.0
2017-04-01 02:21:00,42825.80693,2 d 13 h 49 m,222598,1.0,10000,OK,OK,OK,IGNORE,0,0,,,0,0,1.0
2017-04-01 02:26:00,42825.8104,2 d 13 h 54 m,222899,1.0,10000,OK,OK,OK,IGNORE,0,0,,,0,0,1.0
2017-04-01 02:31:00,42825.81387,2 d 13 h 59 m,223199,1.0,10000,OK,OK,OK,IGNORE,0,0,,,0,0,1.0
2017-04-01 02:36:00,42825.81735,2 d 14 h 5 m,223500,1.0,10000,OK,OK,OK,IGNORE,0,0,,,0,0,1.0
2017-04-01 02:41:00,42825.82082,2 d 14 h 10 m,223800,1.0,10000,OK,OK,OK,IGNORE,0,0,,,0,0,1.0
2017-04-01 02:46:00,42825.82429,2 d 14 h 15 m,224100,1.0,10000,OK,OK,OK,IGNORE,0,0,,,0,0,1.0
2017-04-01 02:51:00,42825.82776,2 d 14 h 20 m,224401,1.0,10000,OK,OK,OK,IGNORE,0,0,,,0,0,1.0
2017-04-01 02:56:00,42825.83123,2 d 14 h 25 m,224702,1.0,10000,OK,OK,OK,IGNORE,0,0,,,0,0,1.0
2017-04-01 03:01:00,42825.83471,2 d 14 h 30 m,225002,1.0,10000,OK,OK,OK,IGNORE,0,0,,,0,0,1.0
2017-04-01 03:06:00,42825.83818,2 d 14 h 35 m,225303,1.0,10000,OK,OK,OK,IGNORE,0,0,,,0,0,1.0
2017-04-01 03:11:00,42825.84165,2 d 14 h 40 m,225603,1.0,10000,OK,OK,OK,IGNORE,0,0,,,0,0,1.0
2017-04-01 03:16:00,42825.84512,2 d 14 h 45 m,225903,1.0,10000,OK,OK,OK,IGNORE,0,0,,,0,0,1.0
2017-04-01 03:21:00,42825.8486,2 d 14 h 50 m,226204,1.0,10000,OK,OK,OK,IGNORE,0,0,,,0,0,1.0
2017-04-01 03:26:00,42825.85207,2 d 14 h 55 m,226504,1.0,10000,OK,OK,OK,IGNORE,0,0,,,0,0,1.0
2017-04-01 03:31:00,42825.85554,2 d 15 h 0 m,226805,1.0,10000,OK,OK,OK,IGNORE,0,0,,,0,0,1.0
2017-04-01 03:36:00,42825.85901,2 d 15 h 5 m,227105,1.0,10000,OK,OK,OK,IGNORE,0,0,,,0,0,1.0
2017-04-01 03:41:00,42825.86248,2 d 15 h 10 m,227406,1.0,10000,OK,OK,OK,IGNORE,0,0,,,0,0,1.0
2017-04-01 03:46:00,42825.86596,2 d 15 h 15 m,227706,1.0,10000,OK,OK,OK,IGNORE,0,0,,,0,0,1.0
2017-04-01 03:51:00,42825.86943,2 d 15 h 20 m,228007,1.0,10000,OK,OK,OK,IGNORE,0,0,,,0,0,1.0
2017-04-01 03:56:00,42825.8729,2 d 15 h 25 m,228307,1.0,10000,OK,OK,OK,IGNORE,0,0,,,0,0,1.0
2017-04-01 04:01:00,42825.87637,2 d 15 h 30 m,228608,1.0,10000,OK,OK,OK,IGNORE,0,0,,,0,0,1.0
2017-04-01 04:06:00,42825.87985,2 d 15 h 35 m,228908,1.0,10000,OK,OK,OK,IGNORE,0,0,,,0,0,1.0
2017-04-01 04:11:00,42825.88332,2 d 15 h 40 m,229209,1.0,10000,OK,OK,OK,IGNORE,0,0,,,0,0,1.0
2017-04-01 04:16:00,42825.88679,2 d 15 h 45 m,229509,1.0,10000,OK,OK,OK,IGNORE,0,0,,,0,0,1.0
2017-04-01 04:21:00,42825.89026,2 d 15 h 50 m,229809,1.0,10000,OK,OK,OK,IGNORE,0,0,,,0,0,1.0
2017-04-01 04:26:00,42825.89373,2 d 15 h 55 m,230110,1.0,10000,OK,OK,OK,IGNORE,0,0,,,0,0,1.0
2017-04-01 04:31:00,42825.89721,2 d 16 h 0 m,230410,1.0,10000,OK,OK,OK,IGNORE,0,0,,,0,0,1.0
2017-04-01 04:36:00,42825.90068,2 d 16 h 5 m,230711,1.0,10000,OK,OK,OK,IGNORE,0,0,,,0,0,1.0
2017-04-01 04:41:00,42825.90415,2 d 16 h 10 m,231011,1.0,10000,OK,OK,OK,IGNORE,0,0,,,0,0,1.0
2017-04-01 04:46:00,42825.90762,2 d 16 h 15 m,231311,1.0,10000,OK,OK,OK,IGNORE,0,0,,,0,0,1.0
2017-04-01 04:51:00,42825.9111,2 d 16 h 20 m,231612,1.0,10000,OK,OK,OK,IGNORE,0,0,,,0,0,1.0
2017-04-01 04:56:00,42825.91457,2 d 16 h 25 m,231912,1.0,10000,OK,OK,OK,IGNORE,0,0,,,0,0,1.0
2017-04-01 05:01:00,42825.91804,2 d 16 h 30 m,232213,1.0,10000,OK,OK,OK,IGNORE,0,0,,,0,0,1.0
2017-04-01 05:06:00,42825.92151,2 d 16 h 35 m,232513,1.0,10000,OK,OK,OK,IGNORE,0,0,,,0,0,1.0
2017-04-01 05:11:00,42825.92498,2 d 16 h 40 m,232814,1.0,10000,OK,OK,OK,IGNORE,0,0,,,0,0,1.0
2017-04-01 05:16:00,42825.92846,2 d 16 h 45 m,233114,1.0,10000,OK,OK,OK,IGNORE,0,0,,,0,0,1.0
2017-04-01 05:21:00,42825.93193,2 d 16 h 50 m,233415,1.0,10000,OK,OK,OK,IGNORE,0,0,,,0,0,1.0
2017-04-01 05:26:00,42825.9354,2 d 16 h 55 m,233715,1.0,10000,OK,OK,OK,IGNORE,0,0,,,0,0,1.0
2017-04-01 05:31:00,42825.93887,2 d 17 h 0 m,234016,1.0,10000,OK,OK,OK,IGNORE,0,0,,,0,0,1.0
2017-04-01 05:36:00,42825.94235,2 d 17 h 5 m,234316,1.0,10000,OK,OK,OK,IGNORE,0,0,,,0,0,1.0
2017-04-01 05:41:00,42825.94582,2 d 17 h 10 m,234617,1.0,10000,OK,OK,OK,IGNORE,0,0,,,0,0,1.0
2017-04-01 05:46:00,42825.94929,2 d 17 h 15 m,234917,1.0,10000,OK,OK,OK,IGNORE,0,0,,,0,0,1.0
2017-04-01 05:51:00,42825.95276,2 d 17 h 20 m,235218,1.0,10000,OK,OK,OK,IGNORE,0,0,,,0,0,1.0
2017-04-01 05:56:00,42825.95623,2 d 17 h 25 m,235518,1.0,10000,OK,OK,OK,IGNORE,0,0,,,0,0,1.0
2017-04-01 06:01:00,42825.95971,2 d 17 h 30 m,235819,1.0,10000,OK,OK,OK,IGNORE,0,0,,,0,0,1.0
2017-04-01 06:06:00,42825.96318,2 d 17 h 35 m,236119,1.0,10000,OK,OK,OK,IGNORE,0,0,,,0,0,1.0
2017-04-01 06:11:00,42825.96665,2 d 17 h 40 m,236420,1.0,10000,OK,OK,OK,IGNORE,0,0,,,0,0,1.0
2017-04-01 06:16:00,42825.97012,2 d 17 h 45 m,236720,1.0,10000,OK,OK,OK,IGNORE,0,0,,,0,0,1.0
2017-04-01 06:21:00,42825.9736,2 d 17 h 50 m,237021,1.0,10000,OK,OK,OK,IGNORE,0,0,,,0,0,1.0
2017-04-01 06:26:00,42825.97707,2 d 17 h 55 m,237321,1.0,10000,OK,OK,OK,IGNORE,0,0,,,0,0,1.0
2017-04-01 06:31:00,42825.98054,2 d 18 h 0 m,237621,1.0,10000,OK,OK,OK,IGNORE,0,0,,,0,0,1.0
2017-04-01 06:36:00,42825.98401,2 d 18 h 5 m,237922,1.0,10000,OK,OK,OK,IGNORE,0,0,,,0,0,1.0
2017-04-01 06:41:00,42825.98748,2 d 18 h 10 m,238222,1.0,10000,OK,OK,OK,IGNORE,0,0,,,0,0,1.0
2017-04-01 06:46:00,42825.99096,2 d 18 h 15 m,238523,1.0,10000,OK,OK,OK,IGNORE,0,0,,,0,0,1.0
2017-04-01 06:51:00,42825.99443,2 d 18 h 20 m,238823,1.0,10000,OK,OK,OK,IGNORE,0,0,,,0,0,1.0
2017-04-01 06:58:00,42825.99862,2 d 18 h 25 m,239124,1.0,10000,OK,OK,OK,IGNORE,0,0,,,0,0,1.0
2017-04-01 07:03:00,42826.00209,2 d 18 h 30 m,239424,1.0,10000,OK,OK,OK,IGNORE,0,0,,,0,0,1.0
2017-04-01 07:08:00,42826.00556,2 d 18 h 35 m,239724,1.0,10000,OK,OK,OK,IGNORE,0,0,,,0,0,1.0
2017-04-01 07:13:00,42826.00904,2 d 18 h 40 m,240025,1.0,10000,OK,OK,OK,IGNORE,0,0,,,0,0,1.0
2017-04-01 07:18:00,42826.01251,2 d 18 h 45 m,240325,1.0,10000,OK,OK,OK,IGNORE,0,0,,,0,0,1.0
2017-04-01 07:23:00,42826.01598,2 d 18 h 50 m,240626,1.0,10000,OK,OK,OK,IGNORE,0,0,,,0,0,1.0
2017-04-01 07:28:00,42826.01945,2 d 18 h 55 m,240926,1.0,10000,OK,OK,OK,IGNORE,0,0,,,0,0,1.0
2017-04-01 07:33:00,42826.02292,2 d 19 h 0 m,241227,1.0,10000,OK,OK,OK,IGNORE,0,0,,,0,0,1.0
2017-04-01 07:38:00,42826.0264,2 d 19 h 5 m,241527,1.0,10000,OK,OK,OK,IGNORE,0,0,,,0,0,1.0
2017-04-01 07:43:00,42826.02987,2 d 19 h 10 m,241828,1.0,10000,OK,OK,OK,IGNORE,0,0,,,0,0,1.0
2017-04-01 07:48:00,42826.03334,2 d 19 h 15 m,242129,1.0,10000,OK,OK,OK,IGNORE,0,0,,,0,0,1.0
2017-04-01 07:53:00,42826.03682,2 d 19 h 20 m,242429,1.0,10000,OK,OK,OK,IGNORE,0,0,,,0,0,1.0
2017-04-01 07:58:00,42826.04029,2 d 19 h 25 m,242729,1.0,10000,OK,OK,OK,IGNORE,0,0,,,0,0,1.0
2017-04-01 08:03:00,42826.04376,2 d 19 h 30 m,243030,1.0,10000,OK,OK,OK,IGNORE,0,0,,,0,0,1.0
2017-04-01 08:08:00,42826.04723,2 d 19 h 35 m,243330,1.0,10000,OK,OK,OK,IGNORE,0,0,,,0,0,1.0
2017-04-01 08:13:00,42826.0507,2 d 19 h 40 m,243631,1.0,10000,OK,OK,OK,IGNORE,0,0,,,0,0,1.0
2017-04-01 08:18:00,42826.05418,2 d 19 h 45 m,243931,1.0,10000,OK,OK,OK,IGNORE,0,0,,,0,0,1.0
2017-04-01 08:23:00,42826.05765,2 d 19 h 50 m,244232,1.0,10000,OK,OK,OK,IGNORE,0,0,,,0,0,1.0
2017-04-01 08:28:00,42826.06112,2 d 19 h 55 m,244533,1.0,10000,OK,OK,OK,IGNORE,0,0,,,0,0,1.0
2017-04-01 08:33:00,42826.06459,2 d 20 h 0 m,244833,1.0,10000,OK,OK,OK,IGNORE,0,0,,,0,0,1.0
2017-04-01 08:38:00,42826.06806,2 d 20 h 5 m,245134,1.0,10000,OK,OK,OK,IGNORE,0,0,,,0,0,1.0
2017-04-01 08:43:00,42826.07154,2 d 20 h 10 m,245434,1.0,10000,OK,OK,OK,IGNORE,0,0,,,0,0,1.0
2017-04-01 08:48:00,42826.07501,2 d 20 h 15 m,245734,1.0,10000,OK,OK,OK,IGNORE,0,0,,,0,0,1.0
2017-04-01 08:53:00,42826.07848,2 d 20 h 20 m,246035,1.0,10000,OK,OK,OK,IGNORE,0,0,,,0,0,1.0
2017-04-01 08:58:00,42826.08195,2 d 20 h 25 m,246335,1.0,10000,OK,OK,OK,IGNORE,0,0,,,0,0,1.0
2017-04-01 09:03:00,42826.08542,2 d 20 h 30 m,246636,1.0,10000,OK,OK,OK,IGNORE,0,0,,,0,0,1.0
2017-04-01 09:08:00,42826.0889,2 d 20 h 35 m,246936,1.0,10000,OK,OK,OK,IGNORE,0,0,,,0,0,1.0
2017-04-01 09:13:00,42826.09237,2 d 20 h 40 m,247237,1.0,10000,OK,OK,OK,IGNORE,0,0,,,0,0,1.0
2017-04-01 09:18:00,42826.09584,2 d 20 h 45 m,247537,1.0,10000,OK,OK,OK,IGNORE,0,0,,,0,0,1.0
2017-04-01 09:23:00,42826.09931,2 d 20 h 50 m,247837,1.0,10000,OK,OK,OK,IGNORE,0,0,,,0,0,1.0
2017-04-01 09:28:00,42826.10279,2 d 20 h 55 m,248138,1.0,10000,OK,OK,OK,IGNORE,0,0,,,0,0,1.0
2017-04-01 09:33:00,42826.10626,2 d 21 h 0 m,248439,1.0,10000,OK,OK,OK,IGNORE,0,0,,,0,0,1.0
2017-04-01 09:38:00,42826.10973,2 d 21 h 5 m,248739,1.0,10000,OK,OK,OK,IGNORE,0,0,,,0,0,1.0
2017-04-01 09:43:00,42826.1132,2 d 21 h 10 m,249039,1.0,10000,OK,OK,OK,IGNORE,0,0,,,0,0,1.0
2017-04-01 09:48:00,42826.11668,2 d 21 h 15 m,249340,1.0,10000,OK,OK,OK,IGNORE,0,0,,,0,0,1.0
2017-04-01 09:53:00,42826.12015,2 d 21 h 20 m,249640,1.0,10000,OK,OK,OK,IGNORE,0,0,,,0,0,1.0
2017-04-01 09:58:00,42826.12362,2 d 21 h 25 m,249941,1.0,10000,OK,OK,OK,IGNORE,0,0,,,0,0,1.0
2017-04-01 10:03:00,42826.12709,2 d 21 h 30 m,250241,1.0,10000,OK,OK,OK,IGNORE,0,0,,,0,0,1.0
2017-04-01 10:08:00,42826.13057,2 d 21 h 35 m,250542,1.0,10000,OK,OK,OK,IGNORE,0,0,,,0,0,1.0
2017-04-01 10:13:00,42826.13404,2 d 21 h 40 m,250842,1.0,10000,OK,OK,OK,IGNORE,0,0,,,0,0,1.0
2017-04-01 10:18:00,42826.13751,2 d 21 h 45 m,251143,1.0,10000,OK,OK,OK,IGNORE,0,0,,,0,0,1.0
2017-04-01 10:23:00,42826.14098,2 d 21 h 50 m,251443,1.0,10000,OK,OK,OK,IGNORE,0,0,,,0,0,1.0
2017-04-01 10:28:00,42826.14446,2 d 21 h 55 m,251744,1.0,10000,OK,OK,OK,IGNORE,0,0,,,0,0,1.0
2017-04-01 10:33:00,42826.14793,2 d 22 h 0 m,252044,1.0,10000,OK,OK,OK,IGNORE,0,0,,,0,0,1.0
2017-04-01 10:38:00,42826.1514,2 d 22 h 5 m,252345,1.0,10000,OK,OK,OK,IGNORE,0,0,,,0,0,1.0
2017-04-01 10:43:00,42826.15487,2 d 22 h 10 m,252645,1.0,10000,OK,OK,OK,IGNORE,0,0,,,0,0,1.0
2017-04-01 10:48:00,42826.15834,2 d 22 h 15 m,252946,1.0,10000,OK,OK,OK,IGNORE,0,0,,,0,0,1.0
2017-04-01 10:53:00,42826.16181,2 d 22 h 20 m,253246,1.0,10000,OK,OK,OK,IGNORE,0,0,,,0,0,1.0
2017-04-01 10:58:00,42826.16529,2 d 22 h 25 m,253546,1.0,10000,OK,OK,OK,IGNORE,0,0,,,0,0,1.0
2017-04-01 11:03:00,42826.16876,2 d 22 h 30 m,253847,1.0,10000,OK,OK,OK,IGNORE,0,0,,,0,0,1.0
2017-04-01 11:08:00,42826.17223,2 d 22 h 35 m,254147,1.0,10000,OK,OK,OK,IGNORE,0,0,,,0,0,1.0
2017-04-01 11:13:00,42826.1757,2 d 22 h 40 m,254448,1.0,10000,OK,OK,OK,IGNORE,0,0,,,0,0,1.0
2017-04-01 11:18:00,42826.17917,2 d 22 h 45 m,254748,1.0,10000,OK,OK,OK,IGNORE,0,0,,,0,0,1.0
2017-04-01 11:23:00,42826.18265,2 d 22 h 50 m,255049,1.0,10000,OK,OK,OK,IGNORE,0,0,,,0,0,1.0
2017-04-01 11:28:00,42826.18612,2 d 22 h 55 m,255349,1.0,10000,OK,OK,OK,IGNORE,0,0,,,0,0,1.0
2017-04-01 11:33:00,42826.18959,2 d 23 h 0 m,255650,1.0,10000,OK,OK,OK,IGNORE,0,0,,,0,0,1.0
2017-04-01 11:38:00,42826.19306,2 d 23 h 5 m,255950,1.0,10000,OK,OK,OK,IGNORE,0,0,,,0,0,1.0
2017-04-01 11:43:00,42826.19654,2 d 23 h 10 m,256251,1.0,10000,OK,OK,OK,IGNORE,0,0,,,0,0,1.0
2017-04-01 11:48:00,42826.20001,2 d 23 h 15 m,256551,1.0,10000,OK,OK,OK,IGNORE,0,0,,,0,0,1.0
2017-04-01 11:53:00,42826.20348,2 d 23 h 20 m,256852,1.0,10000,OK,OK,OK,IGNORE,0,0,,,0,0,1.0
2017-04-01 11:58:00,42826.20695,2 d 23 h 25 m,257152,1.0,10000,OK,OK,OK,IGNORE,0,0,,,0,0,1.0
2017-04-01 12:03:00,42826.21042,2 d 23 h 30 m,257452,1.0,10000,OK,OK,OK,IGNORE,0,0,,,0,0,1.0
2017-04-01 12:08:00,42826.2139,2 d 23 h 35 m,257753,1.0,10000,OK,OK,OK,IGNORE,0,0,,,0,0,1.0
2017-04-01 12:13:00,42826.21737,2 d 23 h 40 m,258053,1.0,10000,OK,OK,OK,IGNORE,0,0,,,0,0,1.0
2017-04-01 12:18:00,42826.22084,2 d 23 h 45 m,258354,1.0,10000,OK,OK,OK,IGNORE,0,0,,,0,0,1.0
2017-04-01 12:23:00,42826.22431,2 d 23 h 50 m,258654,1.0,10000,OK,OK,OK,IGNORE,0,0,,,0,0,1.0
2017-04-01 12:28:00,42826.22779,2 d 23 h 55 m,258955,1.0,10000,OK,OK,OK,IGNORE,0,0,,,0,0,1.0
2017-04-01 12:33:00,42826.23126,3 d 0 h 0 m,259255,1.0,10000,OK,OK,OK,IGNORE,0,0,,,0,0,1.0
2017-04-01 12:38:00,42826.23473,3 d 0 h 5 m,259556,1.0,10000,OK,OK,OK,IGNORE,0,0,,,0,0,1.0
2017-04-01 12:43:00,42826.2382,3 d 0 h 10 m,259856,1.0,10000,OK,OK,OK,IGNORE,0,0,,,0,0,1.0
2017-04-01 12:48:00,42826.24168,3 d 0 h 15 m,260157,1.0,10000,OK,OK,OK,IGNORE,0,0,,,0,0,1.0
2017-04-01 12:53:00,42826.24515,3 d 0 h 20 m,260457,1.0,10000,OK,OK,OK,IGNORE,0,0,,,0,0,1.0
2017-04-01 12:58:00,42826.24862,3 d 0 h 25 m,260757,1.0,10000,OK,OK,OK,IGNORE,0,0,,,0,0,1.0
2017-04-01 13:03:00,42826.25209,3 d 0 h 30 m,261058,1.0,10000,OK,OK,OK,IGNORE,0,0,,,0,0,1.0
2017-04-01 13:08:00,42826.25556,3 d 0 h 35 m,261358,1.0,10000,OK,OK,OK,IGNORE,0,0,,,0,0,1.0
2017-04-01 13:13:00,42826.25904,3 d 0 h 40 m,261659,1.0,10000,OK,OK,OK,IGNORE,0,0,,,0,0,1.0
2017-04-01 13:18:00,42826.26251,3 d 0 h 45 m,261959,1.0,10000,OK,OK,OK,IGNORE,0,0,,,0,0,1.0
2017-04-01 13:23:00,42826.26598,3 d 0 h 51 m,262260,1.0,10000,OK,OK,OK,IGNORE,0,0,,,0,0,1.0
2017-04-01 13:28:00,42826.26945,3 d 0 h 56 m,262561,1.0,10000,OK,OK,OK,IGNORE,0,0,,,0,0,1.0
2017-04-01 13:33:00,42826.27292,3 d 1 h 1 m,262861,1.0,10000,OK,OK,OK,IGNORE,0,0,,,0,0,1.0
2017-04-01 13:38:00,42826.2764,3 d 1 h 6 m,263161,1.0,10000,OK,OK,OK,IGNORE,0,0,,,0,0,1.0
2017-04-01 13:43:00,42826.27987,3 d 1 h 11 m,263462,1.0,10000,OK,OK,OK,IGNORE,0,0,,,0,0,1.0
2017-04-01 13:48:00,42826.28334,3 d 1 h 16 m,263762,1.0,10000,OK,OK,OK,IGNORE,0,0,,,0,0,1.0
2017-04-01 13:53:00,42826.28681,3 d 1 h 21 m,264063,1.0,10000,OK,OK,OK,IGNORE,0,0,,,0,0,1.0
2017-04-01 13:58:00,42826.29029,3 d 1 h 26 m,264363,1.0,10000,OK,OK,OK,IGNORE,0,0,,,0,0,1.0
2017-04-01 14:03:00,42826.29376,3 d 1 h 31 m,264664,1.0,10000,OK,OK,OK,IGNORE,0,0,,,0,0,1.0
2017-04-01 14:08:00,42826.29723,3 d 1 h 36 m,264964,1.0,10000,OK,OK,OK,IGNORE,0,0,,,0,0,1.0
2017-04-01 14:13:00,42826.3007,3 d 1 h 41 m,265265,1.0,10000,OK,OK,OK,IGNORE,0,0,,,0,0,1.0
2017-04-01 14:18:00,42826.30417,3 d 1 h 46 m,265565,1.0,10000,OK,OK,OK,IGNORE,0,0,,,0,0,1.0
2017-04-01 14:23:00,42826.30765,3 d 1 h 51 m,265865,1.0,10000,OK,OK,OK,IGNORE,0,0,,,0,0,1.0
2017-04-01 14:28:00,42826.31112,3 d 1 h 56 m,266166,1.0,10000,OK,OK,OK,IGNORE,0,0,,,0,0,1.0
2017-04-01 14:33:00,42826.31459,3 d 2 h 1 m,266466,1.0,10000,OK,OK,OK,IGNORE,0,0,,,0,0,1.0
2017-04-01 14:38:00,42826.31806,3 d 2 h 6 m,266767,1.0,10000,OK,OK,OK,IGNORE,0,0,,,0,0,1.0
2017-04-01 14:43:00,42826.32154,3 d 2 h 11 m,267067,1.0,10000,OK,OK,OK,IGNORE,0,0,,,0,0,1.0
2017-04-01 14:48:00,42826.32501,3 d 2 h 16 m,267368,1.0,10000,OK,OK,OK,IGNORE,0,0,,,0,0,1.0
2017-04-01 14:53:00,42826.32848,3 d 2 h 21 m,267668,1.0,10000,OK,OK,OK,IGNORE,0,0,,,0,0,1.0
2017-04-01 14:58:00,42826.33195,3 d 2 h 26 m,267969,1.0,10000,OK,OK,OK,IGNORE,0,0,,,0,0,1.0
2017-04-01 15:03:00,42826.33542,3 d 2 h 31 m,268269,1.0,10000,OK,OK,OK,IGNORE,0,0,,,0,0,1.0
2017-04-01 15:08:00,42826.3389,3 d 2 h 36 m,268570,1.0,10000,OK,OK,OK,IGNORE,0,0,,,0,0,1.0
2017-04-01 15:13:00,42826.34237,3 d 2 h 41 m,268870,1.0,10000,OK,OK,OK,IGNORE,0,0,,,0,0,1.0
2017-04-01 15:18:00,42826.34584,3 d 2 h 46 m,269170,1.0,10000,OK,OK,OK,IGNORE,0,0,,,0,0,1.0
2017-04-01 15:23:00,42826.34931,3 d 2 h 51 m,269471,1.0,10000,OK,OK,OK,IGNORE,0,0,,,0,0,1.0
2017-04-01 15:28:00,42826.35279,3 d 2 h 56 m,269771,1.0,10000,OK,OK,OK,IGNORE,0,0,,,0,0,1.0
2017-04-01 15:33:00,42826.35626,3 d 3 h 1 m,270072,1.0,10000,OK,OK,OK,IGNORE,0,0,,,0,0,1.0
2017-04-01 15:38:00,42826.35973,3 d 3 h 6 m,270372,1.0,10000,OK,OK,OK,IGNORE,0,0,,,0,0,1.0
2017-04-01 15:43:00,42826.3632,3 d 3 h 11 m,270673,1.0,10000,OK,OK,OK,IGNORE,0,0,,,0,0,1.0
2017-04-01 15:48:00,42826.36667,3 d 3 h 16 m,270973,1.0,10000,OK,OK,OK,IGNORE,0,0,,,0,0,1.0
2017-04-01 15:53:00,42826.37015,3 d 3 h 21 m,271274,1.0,10000,OK,OK,OK,IGNORE,0,0,,,0,0,1.0
2017-04-01 15:58:00,42826.37362,3 d 3 h 26 m,271574,1.0,10000,OK,OK,OK,IGNORE,0,0,,,0,0,1.0
2017-04-01 16:03:00,42826.37709,3 d 3 h 31 m,271874,1.0,10000,OK,OK,OK,IGNORE,0,0,,,0,0,1.0
2017-04-01 16:08:00,42826.38056,3 d 3 h 36 m,272175,1.0,10000,OK,OK,OK,IGNORE,0,0,,,0,0,1.0
2017-04-01 16:13:00,42826.38403,3 d 3 h 41 m,272475,1.0,10000,OK,OK,OK,IGNORE,0,0,,,0,0,1.0
2017-04-01 16:18:00,42826.38751,3 d 3 h 46 m,272776,1.0,10000,OK,OK,OK,IGNORE,0,0,,,0,0,1.0
2017-04-01 16:23:00,42826.39098,3 d 3 h 51 m,273076,1.0,10000,OK,OK,OK,IGNORE,0,0,,,0,0,1.0
2017-04-01 16:28:00,42826.39445,3 d 3 h 56 m,273376,1.0,10000,OK,OK,OK,IGNORE,0,0,,,0,0,1.0
2017-04-01 16:33:00,42826.39792,3 d 4 h 1 m,273677,1.0,10000,OK,OK,OK,IGNORE,0,0,,,0,0,1.0
2017-04-01 16:38:00,42826.4014,3 d 4 h 6 m,273977,1.0,10000,OK,OK,OK,IGNORE,0,0,,,0,0,1.0
2017-04-01 16:43:00,42826.40487,3 d 4 h 11 m,274278,1.0,10000,OK,OK,OK,IGNORE,0,0,,,0,0,1.0
2017-04-01 16:48:00,42826.40834,3 d 4 h 16 m,274578,1.0,10000,OK,OK,OK,IGNORE,0,0,,,0,0,1.0
2017-04-01 16:53:00,42826.41181,3 d 4 h 21 m,274879,1.0,10000,OK,OK,OK,IGNORE,0,0,,,0,0,1.0
2017-04-01 16:58:00,42826.41528,3 d 4 h 26 m,275179,1.0,10000,OK,OK,OK,IGNORE,0,0,,,0,0,1.0
2017-04-01 17:03:00,42826.41876,3 d 4 h 31 m,275480,1.0,10000,OK,OK,OK,IGNORE,0,0,,,0,0,1.0
2017-04-01 17:08:00,42826.42223,3 d 4 h 36 m,275780,1.0,10000,OK,OK,OK,IGNORE,0,0,,,0,0,1.0
2017-04-01 17:13:00,42826.4257,3 d 4 h 41 m,276081,1.0,10000,OK,OK,OK,IGNORE,0,0,,,0,0,1.0
2017-04-01 17:18:00,42826.42917,3 d 4 h 46 m,276381,1.0,10000,OK,OK,OK,IGNORE,0,0,,,0,0,1.0
2017-04-01 17:23:00,42826.43265,3 d 4 h 51 m,276681,1.0,10000,OK,OK,OK,IGNORE,0,0,,,0,0,1.0
2017-04-01 17:28:00,42826.43612,3 d 4 h 56 m,276982,1.0,10000,OK,OK,OK,IGNORE,0,0,,,0,0,1.0
2017-04-01 17:33:00,42826.43959,3 d 5 h 1 m,277282,1.0,10000,OK,OK,OK,IGNORE,0,0,,,0,0,1.0
2017-04-01 17:38:00,42826.44306,3 d 5 h 6 m,277583,1.0,10000,OK,OK,OK,IGNORE,0,0,,,0,0,1.0
2017-04-01 17:43:00,42826.44654,3 d 5 h 11 m,277883,1.0,10000,OK,OK,OK,IGNORE,0,0,,,0,0,1.0
2017-04-01 17:48:00,42826.45001,3 d 5 h 16 m,278184,1.0,10000,OK,OK,OK,IGNORE,0,0,,,0,0,1.0
2017-04-01 17:53:00,42826.45348,3 d 5 h 21 m,278484,1.0,10000,OK,OK,OK,IGNORE,0,0,,,0,0,1.0
2017-04-01 17:59:00,42826.45766,3 d 5 h 26 m,278785,1.0,10000,OK,OK,OK,IGNORE,0,0,,,0,0,1.0
2017-04-01 18:04:00,42826.46118,3 d 5 h 31 m,279085,1.0,10000,OK,OK,OK,IGNORE,0,0,,,0,0,1.0
2017-04-01 18:09:00,42826.4646,3 d 5 h 36 m,279386,1.0,10000,OK,OK,OK,IGNORE,0,0,,,0,0,1.0
2017-04-01 18:14:00,42826.46808,3 d 5 h 41 m,279686,1.0,10000,OK,OK,OK,IGNORE,0,0,,,0,0,1.0
2017-04-01 18:19:00,42826.47155,3 d 5 h 46 m,279987,1.0,10000,OK,OK,OK,IGNORE,0,0,,,0,0,1.0
2017-04-01 18:24:00,42826.47502,3 d 5 h 51 m,280287,1.0,10000,OK,OK,OK,IGNORE,0,0,,,0,0,1.0
2017-04-01 18:29:00,42826.47849,3 d 5 h 56 m,280588,1.0,10000,OK,OK,OK,IGNORE,0,0,,,0,0,1.0
2017-04-01 18:34:00,42826.48196,3 d 6 h 1 m,280888,1.0,10000,OK,OK,OK,IGNORE,0,0,,,0,0,1.0
2017-04-01 18:39:00,42826.48544,3 d 6 h 6 m,281189,1.0,10000,OK,OK,OK,IGNORE,0,0,,,0,0,1.0
2017-04-01 18:44:00,42826.48891,3 d 6 h 11 m,281489,1.0,10000,OK,OK,OK,IGNORE,0,0,,,0,0,1.0
2017-04-01 18:49:00,42826.49238,3 d 6 h 16 m,281790,1.0,10000,OK,OK,OK,IGNORE,0,0,,,0,0,1.0
2017-04-01 18:54:00,42826.49585,3 d 6 h 21 m,282090,1.0,10000,OK,OK,OK,IGNORE,0,0,,,0,0,1.0
2017-04-01 18:59:00,42826.49932,3 d 6 h 26 m,282391,1.0,10000,OK,OK,OK,IGNORE,0,0,,,0,0,1.0
2017-04-01 19:04:00,42826.5028,3 d 6 h 31 m,282691,1.0,10000,OK,OK,OK,IGNORE,0,0,,,0,0,1.0
2017-04-01 19:09:00,42826.50627,3 d 6 h 36 m,282991,1.0,10000,OK,OK,OK,IGNORE,0,0,,,0,0,1.0
2017-04-01 19:14:00,42826.50974,3 d 6 h 41 m,283292,1.0,10000,OK,OK,OK,IGNORE,0,0,,,0,0,1.0
2017-04-01 19:19:00,42826.51321,3 d 6 h 46 m,283593,1.0,10000,OK,OK,OK,IGNORE,0,0,,,0,0,1.0
2017-04-01 19:24:00,42826.51669,3 d 6 h 51 m,283893,1.0,10000,OK,OK,OK,IGNORE,0,0,,,0,0,1.0
2017-04-01 19:29:00,42826.52016,3 d 6 h 56 m,284194,1.0,10000,OK,OK,OK,IGNORE,0,0,,,0,0,1.0
2017-04-01 19:34:00,42826.52363,3 d 7 h 1 m,284494,1.0,10000,OK,OK,OK,IGNORE,0,0,,,0,0,1.0
2017-04-01 19:39:00,42826.5271,3 d 7 h 6 m,284795,1.0,10000,OK,OK,OK,IGNORE,0,0,,,0,0,1.0
2017-04-01 19:44:00,42826.53058,3 d 7 h 11 m,285095,1.0,10000,OK,OK,OK,IGNORE,0,0,,,0,0,1.0
2017-04-01 19:49:00,42826.53405,3 d 7 h 16 m,285396,1.0,10000,OK,OK,OK,IGNORE,0,0,,,0,0,1.0
2017-04-01 19:54:00,42826.53752,3 d 7 h 21 m,285696,1.0,10000,OK,OK,OK,IGNORE,0,0,,,0,0,1.0
2017-04-01 19:59:00,42826.54099,3 d 7 h 26 m,285997,1.0,10000,OK,OK,OK,IGNORE,0,0,,,0,0,1.0
2017-04-01 20:04:00,42826.54447,3 d 7 h 31 m,286297,1.0,10000,OK,OK,OK,IGNORE,0,0,,,0,0,1.0
2017-04-01 20:09:00,42826.54794,3 d 7 h 36 m,286598,1.0,10000,OK,OK,OK,IGNORE,0,0,,,0,0,1.0
2017-04-01 20:14:00,42826.55141,3 d 7 h 41 m,286898,1.0,10000,OK,OK,OK,IGNORE,0,0,,,0,0,1.0
2017-04-01 20:19:00,42826.55488,3 d 7 h 46 m,287198,1.0,10000,OK,OK,OK,IGNORE,0,0,,,0,0,1.0
2017-04-01 20:24:00,42826.55835,3 d 7 h 51 m,287499,1.0,10000,OK,OK,OK,IGNORE,0,0,,,0,0,1.0
2017-04-01 20:29:00,42826.56183,3 d 7 h 56 m,287799,1.0,10000,OK,OK,OK,IGNORE,0,0,,,0,0,1.0
2017-04-01 20:34:00,42826.5653,3 d 8 h 1 m,288100,1.0,10000,OK,OK,OK,IGNORE,0,0,,,0,0,1.0
2017-04-01 20:39:00,42826.56877,3 d 8 h 6 m,288400,1.0,10000,OK,OK,OK,IGNORE,0,0,,,0,0,1.0
2017-04-01 20:44:00,42826.57224,3 d 8 h 11 m,288701,1.0,10000,OK,OK,OK,IGNORE,0,0,,,0,0,1.0
2017-04-01 20:49:00,42826.57571,3 d 8 h 16 m,289001,1.0,10000,OK,OK,OK,IGNORE,0,0,,,0,0,1.0
2017-04-01 20:54:00,42826.57919,3 d 8 h 21 m,289302,1.0,10000,OK,OK,OK,IGNORE,0,0,,,0,0,1.0
2017-04-01 20:59:00,42826.58266,3 d 8 h 26 m,289602,1.0,10000,OK,OK,OK,IGNORE,0,0,,,0,0,1.0
2017-04-01 21:04:00,42826.58613,3 d 8 h 31 m,289903,1.0,10000,OK,OK,OK,IGNORE,0,0,,,0,0,1.0
2017-04-01 21:09:00,42826.5896,3 d 8 h 36 m,290203,1.0,10000,OK,OK,OK,IGNORE,0,0,,,0,0,1.0
2017-04-01 21:14:00,42826.59308,3 d 8 h 41 m,290504,1.0,10000,OK,OK,OK,IGNORE,0,0,,,0,0,1.0
2017-04-01 21:19:00,42826.59655,3 d 8 h 46 m,290804,1.0,10000,OK,OK,OK,IGNORE,0,0,,,0,0,1.0
2017-04-01 21:24:00,42826.60002,3 d 8 h 51 m,291105,1.0,10000,OK,OK,OK,IGNORE,0,0,,,0,0,1.0
2017-04-01 21:29:00,42826.60349,3 d 8 h 56 m,291405,1.0,10000,OK,OK,OK,IGNORE,0,0,,,0,0,1.0
2017-04-01 21:34:00,42826.60696,3 d 9 h 1 m,291706,1.0,10000,OK,OK,OK,IGNORE,0,0,,,0,0,1.0
2017-04-01 21:39:00,42826.61044,3 d 9 h 6 m,292006,1.0,10000,OK,OK,OK,IGNORE,0,0,,,0,0,1.0
2017-04-01 21:44:00,42826.61391,3 d 9 h 11 m,292307,1.0,10000,OK,OK,OK,IGNORE,0,0,,,0,0,1.0
2017-04-01 21:49:00,42826.61738,3 d 9 h 16 m,292607,1.0,10000,OK,OK,OK,IGNORE,0,0,,,0,0,1.0
2017-04-01 21:54:00,42826.62085,3 d 9 h 21 m,292908,1.0,10000,OK,OK,OK,IGNORE,0,0,,,0,0,1.0
2017-04-01 21:59:00,42826.62432,3 d 9 h 26 m,293208,1.0,10000,OK,OK,OK,IGNORE,0,0,,,0,0,1.0
2017-04-01 22:04:00,42826.6278,3 d 9 h 31 m,293509,1.0,10000,OK,OK,OK,IGNORE,0,0,,,0,0,1.0
2017-04-01 22:09:00,42826.63127,3 d 9 h 36 m,293809,1.0,10000,OK,OK,OK,IGNORE,0,0,,,0,0,1.0
2017-04-01 22:14:00,42826.63474,3 d 9 h 41 m,294110,1.0,10000,OK,OK,OK,IGNORE,0,0,,,0,0,1.0
2017-04-01 22:19:00,42826.63821,3 d 9 h 46 m,294410,1.0,10000,OK,OK,OK,IGNORE,0,0,,,0,0,1.0
2017-04-01 22:24:00,42826.64169,3 d 9 h 51 m,294710,1.0,10000,OK,OK,OK,IGNORE,0,0,,,0,0,1.0
2017-04-01 22:29:00,42826.64516,3 d 9 h 56 m,295011,1.0,10000,OK,OK,OK,IGNORE,0,0,,,0,0,1.0
2017-04-01 22:34:00,42826.64863,3 d 10 h 1 m,295311,1.0,10000,OK,OK,OK,IGNORE,0,0,,,0,0,1.0
2017-04-01 22:39:00,42826.6521,3 d 10 h 6 m,295612,1.0,10000,OK,OK,OK,IGNORE,0,0,,,0,0,1.0
2017-04-01 22:44:00,42826.65558,3 d 10 h 11 m,295912,1.0,10000,OK,OK,OK,IGNORE,0,0,,,0,0,1.0
2017-04-01 22:49:00,42826.65905,3 d 10 h 16 m,296213,1.0,10000,OK,OK,OK,IGNORE,0,0,,,0,0,1.0
2017-04-01 22:54:00,42826.66252,3 d 10 h 21 m,296513,1.0,10000,OK,OK,OK,IGNORE,0,0,,,0,0,1.0
2017-04-01 22:59:00,42826.66599,3 d 10 h 26 m,296814,1.0,10000,OK,OK,OK,IGNORE,0,0,,,0,0,1.0
2017-04-01 23:04:00,42826.66947,3 d 10 h 31 m,297114,1.0,10000,OK,OK,OK,IGNORE,0,0,,,0,0,1.0
2017-04-01 23:09:00,42826.67294,3 d 10 h 36 m,297415,1.0,10000,OK,OK,OK,IGNORE,0,0,,,0,0,1.0
2017-04-01 23:14:00,42826.67641,3 d 10 h 41 m,297716,1.0,10000,OK,OK,OK,IGNORE,0,0,,,0,0,1.0
2017-04-01 23:19:00,42826.67988,3 d 10 h 46 m,298016,1.0,10000,OK,OK,OK,IGNORE,0,0,,,0,0,1.0
2017-04-01 23:24:00,42826.68335,3 d 10 h 51 m,298316,1.0,10000,OK,OK,OK,IGNORE,0,0,,,0,0,1.0
2017-04-01 23:29:00,42826.68683,3 d 10 h 56 m,298617,1.0,10000,OK,OK,OK,IGNORE,0,0,,,0,0,1.0
2017-04-01 23:34:00,42826.6903,3 d 11 h 1 m,298918,1.0,10000,OK,OK,OK,IGNORE,0,0,,,0,0,1.0
2017-04-01 23:39:00,42826.69377,3 d 11 h 6 m,299219,1.0,10000,OK,OK,OK,IGNORE,0,0,,,0,0,1.0
2017-04-01 23:44:00,42826.69724,3 d 11 h 11 m,299519,1.0,10000,OK,OK,OK,IGNORE,0,0,,,0,0,1.0
2017-04-01 23:49:00,42826.70071,3 d 11 h 16 m,299819,1.0,10000,OK,OK,OK,IGNORE,0,0,,,0,0,1.0
2017-04-01 23:54:00,42826.70419,3 d 11 h 22 m,300120,1.0,10000,OK,OK,OK,IGNORE,0,0,,,0,0,1.0
2017-04-01 23:59:00,42826.70766,3 d 11 h 27 m,300420,1.0,10000,OK,OK,OK,IGNORE,0,0,,,0,0,1.0
2017-04-02 00:04:00,42826.71113,3 d 11 h 32 m,300721,1.0,10000,OK,OK,OK,IGNORE,0,0,,,0,0,1.0
2017-04-02 00:09:00,42826.7146,3 d 11 h 37 m,301021,1.0,10000,OK,OK,OK,IGNORE,0,0,,,0,0,1.0
2017-04-02 00:14:00,42826.71807,3 d 11 h 42 m,301322,1.0,10000,OK,OK,OK,IGNORE,0,0,,,0,0,1.0
2017-04-02 00:19:00,42826.72155,3 d 11 h 47 m,301622,1.0,10000,OK,OK,OK,IGNORE,0,0,,,0,0,1.0
2017-04-02 00:24:00,42826.72502,3 d 11 h 52 m,301923,1.0,10000,OK,OK,OK,IGNORE,0,0,,,0,0,1.0
2017-04-02 00:29:00,42826.72849,3 d 11 h 57 m,302223,1.0,10000,OK,OK,OK,IGNORE,0,0,,,0,0,1.0
2017-04-02 00:34:00,42826.73196,3 d 12 h 2 m,302524,1.0,10000,OK,OK,OK,IGNORE,0,0,,,0,0,1.0
2017-04-02 00:39:00,42826.73544,3 d 12 h 7 m,302824,1.0,10000,OK,OK,OK,IGNORE,0,0,,,0,0,1.0
2017-04-02 00:44:00,42826.73891,3 d 12 h 12 m,303125,1.0,10000,OK,OK,OK,IGNORE,0,0,,,0,0,1.0
2017-04-02 00:49:00,42826.74238,3 d 12 h 17 m,303425,1.0,10000,OK,OK,OK,IGNORE,0,0,,,0,0,1.0
2017-04-02 00:54:00,42826.74585,3 d 12 h 22 m,303726,1.0,10000,OK,OK,OK,IGNORE,0,0,,,0,0,1.0
2017-04-02 00:59:00,42826.74932,3 d 12 h 27 m,304026,1.0,10000,OK,OK,OK,IGNORE,0,0,,,0,0,1.0
2017-04-02 01:04:00,42826.7528,3 d 12 h 32 m,304327,1.0,10000,OK,OK,OK,IGNORE,0,0,,,0,0,1.0
2017-04-02 01:09:00,42826.75627,3 d 12 h 37 m,304627,1.0,10000,OK,OK,OK,IGNORE,0,0,,,0,0,1.0
2017-04-02 01:14:00,42826.75974,3 d 12 h 42 m,304928,1.0,10000,OK,OK,OK,IGNORE,0,0,,,0,0,1.0
2017-04-02 01:19:00,42826.76321,3 d 12 h 47 m,305228,1.0,10000,OK,OK,OK,IGNORE,0,0,,,0,0,1.0
2017-04-02 01:24:00,42826.76669,3 d 12 h 52 m,305529,1.0,10000,OK,OK,OK,IGNORE,0,0,,,0,0,1.0
2017-04-02 01:29:00,42826.77016,3 d 12 h 57 m,305829,1.0,10000,OK,OK,OK,IGNORE,0,0,,,0,0,1.0
2017-04-02 01:34:00,42826.77363,3 d 13 h 2 m,306130,1.0,10000,OK,OK,OK,IGNORE,0,0,,,0,0,1.0
2017-04-02 01:39:00,42826.7771,3 d 13 h 7 m,306430,1.0,10000,OK,OK,OK,IGNORE,0,0,,,0,0,1.0
2017-04-02 01:44:00,42826.78057,3 d 13 h 12 m,306731,1.0,10000,OK,OK,OK,IGNORE,0,0,,,0,0,1.0
2017-04-02 01:49:00,42826.78405,3 d 13 h 17 m,307031,1.0,10000,OK,OK,OK,IGNORE,0,0,,,0,0,1.0
2017-04-02 01:54:00,42826.78752,3 d 13 h 22 m,307332,1.0,10000,OK,OK,OK,IGNORE,0,0,,,0,0,1.0
2017-04-02 01:59:00,42826.79099,3 d 13 h 27 m,307632,1.0,10000,OK,OK,OK,IGNORE,0,0,,,0,0,1.0
2017-04-02 02:04:00,42826.79446,3 d 13 h 32 m,307932,1.0,10000,OK,OK,OK,IGNORE,0,0,,,0,0,1.0
2017-04-02 02:09:00,42826.79794,3 d 13 h 37 m,308233,1.0,10000,OK,OK,OK,IGNORE,0,0,,,0,0,1.0
2017-04-02 02:14:00,42826.80141,3 d 13 h 42 m,308533,1.0,10000,OK,OK,OK,IGNORE,0,0,,,0,0,1.0
2017-04-02 02:19:00,42826.80488,3 d 13 h 47 m,308834,1.0,10000,OK,OK,OK,IGNORE,0,0,,,0,0,1.0
2017-04-02 02:24:00,42826.80835,3 d 13 h 52 m,309134,1.0,10000,OK,OK,OK,IGNORE,0,0,,,0,0,1.0
2017-04-02 02:29:00,42826.81182,3 d 13 h 57 m,309435,1.0,10000,OK,OK,OK,IGNORE,0,0,,,0,0,1.0
2017-04-02 02:34:00,42826.8153,3 d 14 h 2 m,309735,1.0,10000,OK,OK,OK,IGNORE,0,0,,,0,0,1.0
2017-04-02 02:39:00,42826.81877,3 d 14 h 7 m,310035,1.0,10000,OK,OK,OK,IGNORE,0,0,,,0,0,1.0
2017-04-02 02:44:00,42826.82224,3 d 14 h 12 m,310336,1.0,10000,OK,OK,OK,IGNORE,0,0,,,0,0,1.0
2017-04-02 02:49:00,42826.82571,3 d 14 h 17 m,310637,1.0,10000,OK,OK,OK,IGNORE,0,0,,,0,0,1.0
2017-04-02 02:54:00,42826.82919,3 d 14 h 22 m,310937,1.0,10000,OK,OK,OK,IGNORE,0,0,,,0,0,1.0
2017-04-02 02:59:00,42826.83266,3 d 14 h 27 m,311237,1.0,10000,OK,OK,OK,IGNORE,0,0,,,0,0,1.0
2017-04-02 03:04:00,42826.83613,3 d 14 h 32 m,311538,1.0,10000,OK,OK,OK,IGNORE,0,0,,,0,0,1.0
2017-04-02 03:09:00,42826.8396,3 d 14 h 37 m,311838,1.0,10000,OK,OK,OK,IGNORE,0,0,,,0,0,1.0
2017-04-02 03:14:00,42826.84307,3 d 14 h 42 m,312139,1.0,10000,OK,OK,OK,IGNORE,0,0,,,0,0,1.0
2017-04-02 03:19:00,42826.84655,3 d 14 h 47 m,312439,1.0,10000,OK,OK,OK,IGNORE,0,0,,,0,0,1.0
2017-04-02 03:24:00,42826.85002,3 d 14 h 52 m,312740,1.0,10000,OK,OK,OK,IGNORE,0,0,,,0,0,1.0
2017-04-02 03:29:00,42826.85349,3 d 14 h 57 m,313040,1.0,10000,OK,OK,OK,IGNORE,0,0,,,0,0,1.0
2017-04-02 03:34:00,42826.85696,3 d 15 h 2 m,313341,1.0,10000,OK,OK,OK,IGNORE,0,0,,,0,0,1.0
2017-04-02 03:39:00,42826.86044,3 d 15 h 7 m,313641,1.0,10000,OK,OK,OK,IGNORE,0,0,,,0,0,1.0
2017-04-02 03:44:00,42826.86391,3 d 15 h 12 m,313942,1.0,10000,OK,OK,OK,IGNORE,0,0,,,0,0,1.0
2017-04-02 03:49:00,42826.86738,3 d 15 h 17 m,314242,1.0,10000,OK,OK,OK,IGNORE,0,0,,,0,0,1.0
2017-04-02 03:54:00,42826.87085,3 d 15 h 22 m,314543,1.0,10000,OK,OK,OK,IGNORE,0,0,,,0,0,1.0
2017-04-02 03:59:00,42826.87432,3 d 15 h 27 m,314843,1.0,10000,OK,OK,OK,IGNORE,0,0,,,0,0,1.0
2017-04-02 04:04:00,42826.8778,3 d 15 h 32 m,315144,1.0,10000,OK,OK,OK,IGNORE,0,0,,,0,0,1.0
2017-04-02 04:09:00,42826.88127,3 d 15 h 37 m,315444,1.0,10000,OK,OK,OK,IGNORE,0,0,,,0,0,1.0
2017-04-02 04:14:00,42826.88474,3 d 15 h 42 m,315745,1.0,10000,OK,OK,OK,IGNORE,0,0,,,0,0,1.0
2017-04-02 04:19:00,42826.88822,3 d 15 h 47 m,316045,1.0,10000,OK,OK,OK,IGNORE,0,0,,,0,0,1.0
2017-04-02 04:24:00,42826.89169,3 d 15 h 52 m,316346,1.0,10000,OK,OK,OK,IGNORE,0,0,,,0,0,1.0
2017-04-02 04:29:00,42826.89516,3 d 15 h 57 m,316647,1.0,10000,OK,OK,OK,IGNORE,0,0,,,0,0,1.0
2017-04-02 04:34:00,42826.89863,3 d 16 h 2 m,316947,1.0,10000,OK,OK,OK,IGNORE,0,0,,,0,0,1.0
2017-04-02 04:39:00,42826.9021,3 d 16 h 7 m,317247,1.0,10000,OK,OK,OK,IGNORE,0,0,,,0,0,1.0
2017-04-02 04:44:00,42826.90558,3 d 16 h 12 m,317548,1.0,10000,OK,OK,OK,IGNORE,0,0,,,0,0,1.0
2017-04-02 04:49:00,42826.90905,3 d 16 h 17 m,317848,1.0,10000,OK,OK,OK,IGNORE,0,0,,,0,0,1.0
2017-04-02 04:54:00,42826.91252,3 d 16 h 22 m,318148,1.0,10000,OK,OK,OK,IGNORE,0,0,,,0,0,1.0
2017-04-02 05:00:00,42826.91674,3 d 16 h 27 m,318449,1.0,10000,OK,OK,OK,IGNORE,0,0,,,0,0,1.0
2017-04-02 05:05:00,42826.9202,3 d 16 h 32 m,318749,1.0,10000,OK,OK,OK,IGNORE,0,0,,,0,0,1.0
2017-04-02 05:10:00,42826.92368,3 d 16 h 37 m,319050,1.0,10000,OK,OK,OK,IGNORE,0,0,,,0,0,1.0
2017-04-02 05:15:00,42826.92715,3 d 16 h 42 m,319350,1.0,10000,OK,OK,OK,IGNORE,0,0,,,0,0,1.0
2017-04-02 05:20:00,42826.93063,3 d 16 h 47 m,319651,1.0,10000,OK,OK,OK,IGNORE,0,0,,,0,0,1.0
2017-04-02 05:25:00,42826.93409,3 d 16 h 52 m,319951,1.0,10000,OK,OK,OK,IGNORE,0,0,,,0,0,1.0
2017-04-02 05:30:00,42826.93757,3 d 16 h 57 m,320252,1.0,10000,OK,OK,OK,IGNORE,0,0,,,0,0,1.0
2017-04-02 05:35:00,42826.94104,3 d 17 h 2 m,320552,1.0,10000,OK,OK,OK,IGNORE,0,0,,,0,0,1.0
2017-04-02 05:40:00,42826.94451,3 d 17 h 7 m,320853,1.0,10000,OK,OK,OK,IGNORE,0,0,,,0,0,1.0
2017-04-02 05:45:00,42826.94798,3 d 17 h 12 m,321153,1.0,10000,OK,OK,OK,IGNORE,0,0,,,0,0,1.0
2017-04-02 05:50:00,42826.95146,3 d 17 h 17 m,321454,1.0,10000,OK,OK,OK,IGNORE,0,0,,,0,0,1.0
2017-04-02 05:55:00,42826.95493,3 d 17 h 22 m,321754,1.0,10000,OK,OK,OK,IGNORE,0,0,,,0,0,1.0
2017-04-02 06:00:00,42826.9584,3 d 17 h 27 m,322054,1.0,10000,OK,OK,OK,IGNORE,0,0,,,0,0,1.0
2017-04-02 06:05:00,42826.96187,3 d 17 h 32 m,322355,1.0,10000,OK,OK,OK,IGNORE,0,0,,,0,0,1.0
2017-04-02 06:10:00,42826.96535,3 d 17 h 37 m,322655,1.0,10000,OK,OK,OK,IGNORE,0,0,,,0,0,1.0
2017-04-02 06:15:00,42826.96882,3 d 17 h 42 m,322956,1.0,10000,OK,OK,OK,IGNORE,0,0,,,0,0,1.0
2017-04-02 06:20:00,42826.97229,3 d 17 h 47 m,323256,1.0,10000,OK,OK,OK,IGNORE,0,0,,,0,0,1.0
2017-04-02 06:25:00,42826.97576,3 d 17 h 52 m,323556,1.0,10000,OK,OK,OK,IGNORE,0,0,,,0,0,1.0
2017-04-02 06:30:00,42826.97924,3 d 17 h 57 m,323857,1.0,10000,OK,OK,OK,IGNORE,0,0,,,0,0,1.0
2017-04-02 06:35:00,42826.9827,3 d 18 h 2 m,324157,1.0,10000,OK,OK,OK,IGNORE,0,0,,,0,0,1.0
2017-04-02 06:40:00,42826.98618,3 d 18 h 7 m,324458,1.0,10000,OK,OK,OK,IGNORE,0,0,,,0,0,1.0
2017-04-02 06:45:00,42826.98965,3 d 18 h 12 m,324758,1.0,10000,OK,OK,OK,IGNORE,0,0,,,0,0,1.0
2017-04-02 06:50:00,42826.99312,3 d 18 h 17 m,325058,1.0,10000,OK,OK,OK,IGNORE,0,0,,,0,0,1.0
2017-04-02 06:55:00,42826.99659,3 d 18 h 22 m,325359,1.0,10000,OK,OK,OK,IGNORE,0,0,,,0,0,1.0
2017-04-02 07:00:00,42827.00007,3 d 18 h 27 m,325659,1.0,10000,OK,OK,OK,IGNORE,0,0,,,0,0,1.0
2017-04-02 07:05:00,42827.00354,3 d 18 h 32 m,325960,1.0,10000,OK,OK,OK,IGNORE,0,0,,,0,0,1.0
2017-04-02 07:10:00,42827.00701,3 d 18 h 37 m,326261,1.0,10000,OK,OK,OK,IGNORE,0,0,,,0,0,1.0
2017-04-02 07:15:00,42827.01048,3 d 18 h 42 m,326561,1.0,10000,OK,OK,OK,IGNORE,0,0,,,0,0,1.0
2017-04-02 07:20:00,42827.01396,3 d 18 h 47 m,326862,1.0,10000,OK,OK,OK,IGNORE,0,0,,,0,0,1.0
2017-04-02 07:25:00,42827.01743,3 d 18 h 52 m,327162,1.0,10000,OK,OK,OK,IGNORE,0,0,,,0,0,1.0
2017-04-02 07:30:00,42827.0209,3 d 18 h 57 m,327463,1.0,10000,OK,OK,OK,IGNORE,0,0,,,0,0,1.0
2017-04-02 07:35:00,42827.02437,3 d 19 h 2 m,327763,1.0,10000,OK,OK,OK,IGNORE,0,0,,,0,0,1.0
2017-04-02 07:40:00,42827.02785,3 d 19 h 7 m,328063,1.0,10000,OK,OK,OK,IGNORE,0,0,,,0,0,1.0
2017-04-02 07:45:00,42827.03132,3 d 19 h 12 m,328364,1.0,10000,OK,OK,OK,IGNORE,0,0,,,0,0,1.0
2017-04-02 07:50:00,42827.03479,3 d 19 h 17 m,328664,1.0,10000,OK,OK,OK,IGNORE,0,0,,,0,0,1.0
2017-04-02 07:55:00,42827.03826,3 d 19 h 22 m,328965,1.0,10000,OK,OK,OK,IGNORE,0,0,,,0,0,1.0
2017-04-02 08:00:00,42827.04173,3 d 19 h 27 m,329265,1.0,10000,OK,OK,OK,IGNORE,0,0,,,0,0,1.0
2017-04-02 08:05:00,42827.0452,3 d 19 h 32 m,329566,1.0,10000,OK,OK,OK,IGNORE,0,0,,,0,0,1.0
2017-04-02 08:10:00,42827.04868,3 d 19 h 37 m,329866,1.0,10000,OK,OK,OK,IGNORE,0,0,,,0,0,1.0
2017-04-02 08:15:00,42827.05215,3 d 19 h 42 m,330167,1.0,10000,OK,OK,OK,IGNORE,0,0,,,0,0,1.0
2017-04-02 08:20:00,42827.05562,3 d 19 h 47 m,330467,1.0,10000,OK,OK,OK,IGNORE,0,0,,,0,0,1.0
2017-04-02 08:25:00,42827.05909,3 d 19 h 52 m,330767,1.0,10000,OK,OK,OK,IGNORE,0,0,,,0,0,1.0
2017-04-02 08:30:00,42827.06257,3 d 19 h 57 m,331068,1.0,10000,OK,OK,OK,IGNORE,0,0,,,0,0,1.0
2017-04-02 08:35:00,42827.06604,3 d 20 h 2 m,331368,1.0,10000,OK,OK,OK,IGNORE,0,0,,,0,0,1.0
2017-04-02 08:40:00,42827.06951,3 d 20 h 7 m,331669,1.0,10000,OK,OK,OK,IGNORE,0,0,,,0,0,1.0
2017-04-02 08:45:00,42827.07298,3 d 20 h 12 m,331969,1.0,10000,OK,OK,OK,IGNORE,0,0,,,0,0,1.0
2017-04-02 08:50:00,42827.07645,3 d 20 h 17 m,332270,1.0,10000,OK,OK,OK,IGNORE,0,0,,,0,0,1.0
2017-04-02 08:55:00,42827.07993,3 d 20 h 22 m,332570,1.0,10000,OK,OK,OK,IGNORE,0,0,,,0,0,1.0
2017-04-02 09:00:00,42827.0834,3 d 20 h 27 m,332870,1.0,10000,OK,OK,OK,IGNORE,0,0,,,0,0,1.0
2017-04-02 09:05:00,42827.08687,3 d 20 h 32 m,333171,1.0,10000,OK,OK,OK,IGNORE,0,0,,,0,0,1.0
2017-04-02 09:10:00,42827.09034,3 d 20 h 37 m,333471,1.0,10000,OK,OK,OK,IGNORE,0,0,,,0,0,1.0
2017-04-02 09:15:00,42827.09382,3 d 20 h 42 m,333772,1.0,10000,OK,OK,OK,IGNORE,0,0,,,0,0,1.0
2017-04-02 09:20:00,42827.09729,3 d 20 h 47 m,334072,1.0,10000,OK,OK,OK,IGNORE,0,0,,,0,0,1.0
2017-04-02 09:25:00,42827.10076,3 d 20 h 52 m,334373,1.0,10000,OK,OK,OK,IGNORE,0,0,,,0,0,1.0
2017-04-02 09:30:00,42827.10423,3 d 20 h 57 m,334673,1.0,10000,OK,OK,OK,IGNORE,0,0,,,0,0,1.0
2017-04-02 09:35:00,42827.1077,3 d 21 h 2 m,334974,1.0,10000,OK,OK,OK,IGNORE,0,0,,,0,0,1.0
2017-04-02 09:40:00,42827.11118,3 d 21 h 7 m,335274,1.0,10000,OK,OK,OK,IGNORE,0,0,,,0,0,1.0
2017-04-02 09:45:00,42827.11465,3 d 21 h 12 m,335575,1.0,10000,OK,OK,OK,IGNORE,0,0,,,0,0,1.0
2017-04-02 09:50:00,42827.11812,3 d 21 h 17 m,335876,1.0,10000,OK,OK,OK,IGNORE,0,0,,,0,0,1.0
2017-04-02 09:55:00,42827.12159,3 d 21 h 22 m,336177,1.0,10000,OK,OK,OK,IGNORE,0,0,,,0,0,1.0
2017-04-02 10:00:00,42827.12507,3 d 21 h 27 m,336477,1.0,10000,OK,OK,OK,IGNORE,0,0,,,0,0,1.0
2017-04-02 10:05:00,42827.12854,3 d 21 h 32 m,336778,1.0,10000,OK,OK,OK,IGNORE,0,0,,,0,0,1.0
2017-04-02 10:10:00,42827.13201,3 d 21 h 37 m,337078,1.0,10000,OK,OK,OK,IGNORE,0,0,,,0,0,1.0
2017-04-02 10:15:00,42827.13548,3 d 21 h 42 m,337379,1.0,10000,OK,OK,OK,IGNORE,0,0,,,0,0,1.0
2017-04-02 10:20:00,42827.13896,3 d 21 h 47 m,337679,1.0,10000,OK,OK,OK,IGNORE,0,0,,,0,0,1.0
2017-04-02 10:25:00,42827.14243,3 d 21 h 53 m,337980,1.0,10000,OK,OK,OK,IGNORE,0,0,,,0,0,1.0
2017-04-02 10:30:00,42827.1459,3 d 21 h 58 m,338280,1.0,10000,OK,OK,OK,IGNORE,0,0,,,0,0,1.0
2017-04-02 10:35:00,42827.14937,3 d 22 h 3 m,338580,1.0,10000,OK,OK,OK,IGNORE,0,0,,,0,0,1.0
2017-04-02 10:40:00,42827.15284,3 d 22 h 8 m,338881,1.0,10000,OK,OK,OK,IGNORE,0,0,,,0,0,1.0
2017-04-02 10:45:00,42827.15632,3 d 22 h 13 m,339181,1.0,10000,OK,OK,OK,IGNORE,0,0,,,0,0,1.0
2017-04-02 10:50:00,42827.15979,3 d 22 h 18 m,339482,1.0,10000,OK,OK,OK,IGNORE,0,0,,,0,0,1.0
2017-04-02 10:55:00,42827.16326,3 d 22 h 23 m,339782,1.0,10000,OK,OK,OK,IGNORE,0,0,,,0,0,1.0
2017-04-02 11:00:00,42827.16673,3 d 22 h 28 m,340083,1.0,10000,OK,OK,OK,IGNORE,0,0,,,0,0,1.0
2017-04-02 11:05:00,42827.17021,3 d 22 h 33 m,340383,1.0,10000,OK,OK,OK,IGNORE,0,0,,,0,0,1.0
2017-04-02 11:10:00,42827.17368,3 d 22 h 38 m,340684,1.0,10000,OK,OK,OK,IGNORE,0,0,,,0,0,1.0
2017-04-02 11:15:00,42827.17715,3 d 22 h 43 m,340984,1.0,10000,OK,OK,OK,IGNORE,0,0,,,0,0,1.0
2017-04-02 11:20:00,42827.18062,3 d 22 h 48 m,341285,1.0,10000,OK,OK,OK,IGNORE,0,0,,,0,0,1.0
2017-04-02 11:25:00,42827.18409,3 d 22 h 53 m,341585,1.0,10000,OK,OK,OK,IGNORE,0,0,,,0,0,1.0
2017-04-02 11:30:00,42827.18757,3 d 22 h 58 m,341886,1.0,10000,OK,OK,OK,IGNORE,0,0,,,0,0,1.0
2017-04-02 11:35:00,42827.19104,3 d 23 h 3 m,342186,1.0,10000,OK,OK,OK,IGNORE,0,0,,,0,0,1.0
2017-04-02 11:40:00,42827.19451,3 d 23 h 8 m,342487,1.0,10000,OK,OK,OK,IGNORE,0,0,,,0,0,1.0
2017-04-02 11:45:00,42827.19798,3 d 23 h 13 m,342787,1.0,10000,OK,OK,OK,IGNORE,0,0,,,0,0,1.0
2017-04-02 11:50:00,42827.20145,3 d 23 h 18 m,343088,1.0,10000,OK,OK,OK,IGNORE,0,0,,,0,0,1.0
2017-04-02 11:55:00,42827.20493,3 d 23 h 23 m,343388,1.0,10000,OK,OK,OK,IGNORE,0,0,,,0,0,1.0
2017-04-02 12:00:00,42827.2084,3 d 23 h 28 m,343688,1.0,10000,OK,OK,OK,IGNORE,0,0,,,0,0,1.0
2017-04-02 12:05:00,42827.21187,3 d 23 h 33 m,343989,1.0,10000,OK,OK,OK,IGNORE,0,0,,,0,0,1.0
2017-04-02 12:10:00,42827.21535,3 d 23 h 38 m,344289,1.0,10000,OK,OK,OK,IGNORE,0,0,,,0,0,1.0
2017-04-02 12:15:00,42827.21882,3 d 23 h 43 m,344590,1.0,10000,OK,OK,OK,IGNORE,0,0,,,0,0,1.0
2017-04-02 12:20:00,42827.22229,3 d 23 h 48 m,344890,1.0,10000,OK,OK,OK,IGNORE,0,0,,,0,0,1.0
2017-04-02 12:25:00,42827.22576,3 d 23 h 53 m,345191,1.0,10000,OK,OK,OK,IGNORE,0,0,,,0,0,1.0
2017-04-02 12:30:00,42827.22923,3 d 23 h 58 m,345491,1.0,10000,OK,OK,OK,IGNORE,0,0,,,0,0,1.0
2017-04-02 12:35:00,42827.2327,4 d 0 h 3 m,345792,1.0,10000,OK,OK,OK,IGNORE,0,0,,,0,0,1.0
2017-04-02 12:40:00,42827.23618,4 d 0 h 8 m,346092,1.0,10000,OK,OK,OK,IGNORE,0,0,,,0,0,1.0
2017-04-02 12:45:00,42827.23965,4 d 0 h 13 m,346393,1.0,10000,OK,OK,OK,IGNORE,0,0,,,0,0,1.0
2017-04-02 12:50:00,42827.24312,4 d 0 h 18 m,346693,1.0,10000,OK,OK,OK,IGNORE,0,0,,,0,0,1.0
2017-04-02 12:55:00,42827.24659,4 d 0 h 23 m,346994,1.0,10000,OK,OK,OK,IGNORE,0,0,,,0,0,1.0
2017-04-02 13:00:00,42827.25007,4 d 0 h 28 m,347294,1.0,10000,OK,OK,OK,IGNORE,0,0,,,0,0,1.0
2017-04-02 13:05:00,42827.25354,4 d 0 h 33 m,347594,1.0,10000,OK,OK,OK,IGNORE,0,0,,,0,0,1.0
2017-04-02 13:10:00,42827.25701,4 d 0 h 38 m,347895,1.0,10000,OK,OK,OK,IGNORE,0,0,,,0,0,1.0
2017-04-02 13:15:00,42827.26048,4 d 0 h 43 m,348195,1.0,10000,OK,OK,OK,IGNORE,0,0,,,0,0,1.0
2017-04-02 13:20:00,42827.26395,4 d 0 h 48 m,348496,1.0,10000,OK,OK,OK,IGNORE,0,0,,,0,0,1.0
2017-04-02 13:25:00,42827.26743,4 d 0 h 53 m,348796,1.0,10000,OK,OK,OK,IGNORE,0,0,,,0,0,1.0
2017-04-02 13:30:00,42827.2709,4 d 0 h 58 m,349097,1.0,10000,OK,OK,OK,IGNORE,0,0,,,0,0,1.0
2017-04-02 13:35:00,42827.27437,4 d 1 h 3 m,349397,1.0,10000,OK,OK,OK,IGNORE,0,0,,,0,0,1.0
2017-04-02 13:40:00,42827.27784,4 d 1 h 8 m,349698,1.0,10000,OK,OK,OK,IGNORE,0,0,,,0,0,1.0
2017-04-02 13:45:00,42827.28132,4 d 1 h 13 m,349998,1.0,10000,OK,OK,OK,IGNORE,0,0,,,0,0,1.0
2017-04-02 13:50:00,42827.28479,4 d 1 h 18 m,350298,1.0,10000,OK,OK,ERROR,DOWN,1,-350056,NON-LINK,,0,0,1.0
2017-04-02 13:55:00,42827.28843,0 s,0,1.0,10000,ERROR,OK,ERROR,IGNORE,1,0,,,0,0,1.0
2017-04-02 13:55:00,42827.2886,0 s,0,1.0,10000,ERROR,ERROR,ERROR,IGNORE,1,0,,,0,0,1.0
2017-04-02 14:00:00,42827.2919,0 s,0,1.0,10000,ERROR,ERROR,ERROR,IGNORE,1,0,,,0,0,1.0
2017-04-02 14:05:00,42827.29537,0 s,0,1.0,10000,ERROR,ERROR,ERROR,IGNORE,1,0,,,0,0,1.0
2017-04-02 14:10:00,42827.29884,0 s,0,1.0,10000,ERROR,ERROR,OK,IGNORE,1,0,,,0,0,1.0
2017-04-02 14:15:00,42827.30215,4 m 2 s,242,1.0,10000,OK,ERROR,OK,UP,2,0,,,0,0,1.0
2017-04-02 14:20:00,42827.30562,9 m 3 s,543,1.0,10000,OK,OK,OK,IGNORE,2,0,,,0,0,1.0
2017-04-02 14:25:00,42827.30909,14 m 3 s,843,1.0,10000,OK,OK,OK,IGNORE,2,0,,,0,0,1.0
2017-04-02 14:30:00,42827.31257,19 m 4 s,1144,1.0,10000,OK,OK,OK,IGNORE,2,0,,,0,0,1.0
2017-04-02 14:35:00,42827.31604,24 m 4 s,1444,1.0,10000,OK,OK,OK,IGNORE,2,0,,,0,0,1.0
2017-04-02 14:40:00,42827.31951,29 m 4 s,1744,1.0,10000,OK,OK,OK,IGNORE,2,0,,,0,0,1.0
2017-04-02 14:45:00,42827.32298,34 m 5 s,2045,1.0,10000,OK,OK,OK,IGNORE,2,0,,,0,0,1.0
2017-04-02 14:50:00,42827.32645,39 m 5 s,2345,1.0,10000,OK,OK,OK,IGNORE,2,0,,,0,0,1.0
2017-04-02 14:55:00,42827.32993,44 m 6 s,2646,1.0,10000,OK,OK,OK,IGNORE,2,0,,,0,0,1.0
2017-04-02 15:00:00,42827.3334,49 m 6 s,2946,1.0,10000,OK,OK,OK,IGNORE,2,0,,,0,0,1.0
2017-04-02 15:05:00,42827.33687,54 m 7 s,3247,1.0,10000,OK,OK,OK,IGNORE,2,0,,,0,0,1.0
2017-04-02 15:10:00,42827.34034,59 m 7 s,3547,1.0,10000,OK,OK,OK,IGNORE,2,0,,,0,0,1.0
2017-04-02 15:15:00,42827.34382,1 h 4 m 8 s,3848,1.0,10000,OK,OK,OK,IGNORE,2,0,,,0,0,1.0
2017-04-02 15:20:00,42827.34729,1 h 9 m 8 s,4148,1.0,10000,OK,OK,OK,IGNORE,2,0,,,0,0,1.0
2017-04-02 15:25:00,42827.35076,1 h 14 m 9 s,4449,1.0,10000,OK,OK,OK,IGNORE,2,0,,,0,0,1.0
2017-04-02 15:30:00,42827.35423,1 h 19 m 9 s,4749,1.0,10000,OK,OK,OK,IGNORE,2,0,,,0,0,1.0
2017-04-02 15:35:00,42827.35771,1 h 24 m 10 s,5050,1.0,10000,OK,OK,OK,IGNORE,2,0,,,0,0,1.0
2017-04-02 15:40:00,42827.36118,1 h 29 m 10 s,5350,1.0,10000,OK,OK,OK,IGNORE,2,0,,,0,0,1.0
2017-04-02 15:45:00,42827.36465,1 h 34 m 11 s,5651,1.0,10000,OK,OK,OK,IGNORE,2,0,,,0,0,1.0
2017-04-02 15:50:00,42827.36812,1 h 39 m 11 s,5951,1.0,10000,OK,OK,OK,IGNORE,2,0,,,0,0,1.0
2017-04-02 15:55:00,42827.37159,1 h 44 m 12 s,6252,1.0,10000,OK,OK,OK,IGNORE,2,0,,,0,0,1.0
2017-04-02 16:01:00,42827.37578,1 h 49 m 12 s,6552,1.0,10000,OK,OK,OK,IGNORE,2,0,,,0,0,1.0
2017-04-02 16:06:00,42827.37926,1 h 54 m 13 s,6853,1.0,10000,OK,OK,OK,IGNORE,2,0,,,0,0,1.0
2017-04-02 16:11:00,42827.38273,1 h 59 m 13 s,7153,1.0,10000,OK,OK,OK,IGNORE,2,0,,,0,0,1.0
2017-04-02 16:16:00,42827.3862,2 h 4 m 14 s,7454,1.0,10000,OK,OK,OK,IGNORE,2,0,,,0,0,1.0
2017-04-02 16:21:00,42827.38967,2 h 9 m 14 s,7754,1.0,10000,OK,OK,OK,IGNORE,2,0,,,0,0,1.0
2017-04-02 16:26:00,42827.39315,2 h 14 m 15 s,8055,1.0,10000,OK,OK,OK,IGNORE,2,0,,,0,0,1.0
2017-04-02 16:31:00,42827.39662,2 h 19 m 15 s,8355,1.0,10000,OK,OK,OK,IGNORE,2,0,,,0,0,1.0
2017-04-02 16:36:00,42827.40009,2 h 24 m 16 s,8656,1.0,10000,OK,OK,OK,IGNORE,2,0,,,0,0,1.0
2017-04-02 16:41:00,42827.40356,2 h 29 m 16 s,8956,1.0,10000,OK,OK,OK,IGNORE,2,0,,,0,0,1.0
2017-04-02 16:46:00,42827.40704,2 h 34 m 17 s,9257,1.0,10000,OK,OK,OK,IGNORE,2,0,,,0,0,1.0
2017-04-02 16:51:00,42827.4105,2 h 39 m 17 s,9557,1.0,10000,OK,OK,OK,IGNORE,2,0,,,0,0,1.0
2017-04-02 16:56:00,42827.41398,2 h 44 m 17 s,9857,1.0,10000,OK,OK,OK,IGNORE,2,0,,,0,0,1.0
2017-04-02 17:01:00,42827.41745,2 h 49 m 18 s,10158,1.0,10000,OK,OK,OK,IGNORE,2,0,,,0,0,1.0
2017-04-02 17:06:00,42827.42092,2 h 54 m 18 s,10458,1.0,10000,OK,OK,OK,IGNORE,2,0,,,0,0,1.0
2017-04-02 17:11:00,42827.42439,2 h 59 m 19 s,10759,1.0,10000,OK,OK,OK,IGNORE,2,0,,,0,0,1.0
2017-04-02 17:16:00,42827.42787,3 h 4 m 19 s,11059,1.0,10000,OK,OK,OK,IGNORE,2,0,,,0,0,1.0
2017-04-02 17:21:00,42827.43134,3 h 9 m 20 s,11360,1.0,10000,OK,OK,OK,IGNORE,2,0,,,0,0,1.0
2017-04-02 17:26:00,42827.43481,3 h 14 m 20 s,11660,1.0,10000,OK,OK,OK,IGNORE,2,0,,,0,0,1.0
2017-04-02 17:31:00,42827.43828,3 h 19 m 21 s,11961,1.0,10000,OK,OK,OK,IGNORE,2,0,,,0,0,1.0
2017-04-02 17:36:00,42827.44176,3 h 24 m 21 s,12261,1.0,10000,OK,OK,,IGNORE,2,0,,,0,0,1.0
